request_num,size,duration
167,1024,0.024368400001549162
108,1024,0.018186092987889424
207,1024,0.012431681010639295
92,1024,0.022173866993398406
206,512,0.014702615997521207
83,512,0.014793644004384987
75,1024,0.01758200299809687
98,512,0.019453768007224426
140,1024,0.02588533599919174
142,512,0.01890059000288602
70,1024,0.012171572001534514
197,512,0.013674223999259993
10,512,0.02026829999522306
114,512,0.024305920000188053
173,1024,0.012803920995793305
172,1024,0.012542657990707085
39,512,0.01597838599991519
90,1024,0.014235706999897957
11,512,0.01608626999950502
136,1024,0.02626046100340318
9,1024,0.016751422997913323
87,1024,0.031906386007904075
55,512,0.016843170000356622
74,512,0.020269145999918692
86,512,0.02367410399892833
234,512,0.018250755994813517
216,1024,0.012506081999163143
64,1024,0.02035787700151559
245,512,0.015459374990314245
158,1024,0.0245889860088937
231,1024,0.03501467600290198
217,1024,0.011451971004134975
222,512,0.005390657999669202
195,1024,0.016329731995938346
150,512,0.011900331999640912
238,1024,0.013252209013444372
48,1024,0.016987003007670864
95,1024,0.043829325994011015
53,1024,0.024225097004091367
170,1024,0.01115546899382025
246,1024,0.007047938008327037
186,512,0.014392298005986959
118,512,0.021205312994425185
16,512,0.01981980199343525
209,512,0.016698633990017697
6,1024,0.0074449200037634
213,1024,0.03215472800366115
183,1024,0.03605627799697686
104,512,0.019711585002369247
34,1024,0.012389073002850637
99,512,0.030340208002598956
149,1024,0.010028625998529606
219,1024,0.025541978000546806
232,512,0.023730704007903114
73,1024,0.024964759999420494
126,512,0.017630904010729864
247,1024,0.010344091002480127
4,512,0.008167306004907005
25,1024,0.015605047010467388
123,1024,0.027483586003654636
200,512,0.018653655002708547
113,512,0.020143890011240728
57,1024,0.008577479995437898
58,1024,0.010257769987219945
205,1024,0.0147018499992555
56,1024,0.018809343004249968
35,1024,0.019081228994764388
236,512,0.014063883005292155
65,512,0.01635361999797169
127,512,0.03400961999432184
24,1024,0.012105204004910775
230,512,0.025586613002815284
146,512,0.02433231299801264
122,512,0.025206772988894954
30,512,0.010963645996525884
20,512,0.015306920002331026
177,1024,0.008861456997692585
49,1024,0.019447454003966413
185,1024,0.022004277998348698
81,512,0.014724788998137228
59,512,0.019378689990844578
19,1024,0.01474563499505166
97,1024,0.014797245006775483
166,512,0.015617634999216534
249,1024,0.021363924999604933
201,512,0.02501474400924053
100,512,0.0370472759968834
129,1024,0.008947435999289155
128,512,0.02125705200887751
18,1024,0.013432102001388557
164,512,0.016438100006780587
251,1024,0.01003627099271398
107,512,0.02184861499699764
82,512,0.012205033010104671
67,512,0.016735129000153393
139,1024,0.02634821500396356
93,512,0.023447753002983518
72,512,0.011873112991452217
94,512,0.006875980994664133
138,512,0.016149290997418575
165,1024,0.02540219499496743
43,512,0.018138012994313613
22,512,0.013626008003484458
202,512,0.014553176006302238
88,512,0.01322315500874538
225,512,0.01881976900040172
169,512,0.0183429220051039
174,512,0.011019300989573821
157,512,0.024208171002101153
235,512,0.012685425012023188
29,1024,0.012935742997797206
152,512,0.025788027996895835
175,512,0.011561694002011791
221,1024,0.011921272001927719
228,512,0.017559030005941167
239,512,0.016417181002907455
96,1024,0.013687462007510476
7,512,0.008322238994878717
161,1024,0.021019322011852637
210,512,0.01056576099654194
31,512,0.01289386599091813
119,512,0.00821743399137631
112,512,0.015203449002001435
106,1024,0.02509292798640672
159,1024,0.011933028989005834
204,1024,0.019721714008483104
135,512,0.024376666988246143
62,1024,0.00972279800043907
155,1024,0.023028362993500195
50,1024,0.02004393099923618
117,512,0.01748386400868185
3,512,0.020083645009435713
188,1024,0.03172576299402863
156,512,0.021214310007053427
203,512,0.019391991998418234
153,512,0.026221502004773356
47,1024,0.013694844994461164
141,512,0.025459526004851796
179,1024,0.01609045299119316
111,512,0.031889784993836656
243,512,0.015762820999952964
182,1024,0.026708143996074796
240,1024,0.017544519010698423
134,1024,0.03364780500123743
214,1024,0.011069173997384496
52,512,0.01608892901276704
144,1024,0.017981395998504013
242,512,0.021050575000117533
148,512,0.013464574003592134
143,512,0.023922337000840344
116,512,0.006423379993066192
69,1024,0.015099418989848346
12,512,0.01922311600355897
51,512,0.028953280008863658
84,512,0.019132348999846727
91,512,0.027954807999776676
8,1024,0.024258923003799282
211,512,0.013355456001590937
80,512,0.012483511003665626
33,1024,0.011664072997518815
224,1024,0.03064134500164073
212,1024,0.02035757699923124
105,512,0.0351327910029795
191,512,0.024281724996399134
103,1024,0.018744230008451268
38,512,0.0077635500056203455
250,1024,0.017859510000562295
147,1024,0.01710500400804449
45,512,0.012683592998655513
227,512,0.03134949199738912
32,1024,0.01574712200090289
189,1024,0.012456404001568444
241,1024,0.01521602900174912
168,512,0.021046358000603504
61,1024,0.018999716005055234
15,1024,0.01562112700776197
199,1024,0.016840775002492592
208,1024,0.013287519992445596
194,512,0.017490191996330395
76,512,0.014878674992360175
187,512,0.013024804007727653
110,1024,0.02194475699798204
218,512,0.021785288001410663
66,1024,0.010910013006650843
102,512,0.02305215800879523
184,1024,0.011486390008940361
13,1024,0.010804221994476393
41,512,0.011841821004054509
14,1024,0.023733733003609814
132,1024,0.03697106399340555
151,1024,0.022096894987043925
5,1024,0.01612645799468737
46,512,0.016155058998265304
244,1024,0.00862582100671716
181,512,0.014079806001973338
2,1024,0.012420876999385655
198,1024,0.025947382993763313
125,1024,0.00996232200122904
145,1024,0.018146148999221623
77,1024,0.012923253001645207
124,512,0.024768129995209165
23,512,0.013559090992202982
178,1024,0.008404610998695716
60,512,0.0114425299980212
89,1024,0.01387614500708878
176,1024,0.009650167005020194
190,1024,0.03149405699514318
71,1024,0.02020858800096903
237,512,0.01960536401020363
21,512,0.01671338701271452
192,1024,0.009570940004778095
226,512,0.022433101999922656
79,1024,0.006897954008309171
17,512,0.008499319010297768
171,1024,0.012662225009989925
162,512,0.015112113993382081
130,1024,0.023620449006557465
137,512,0.018779965990688652
133,512,0.03359802201157436
220,1024,0.009646096994401887
154,1024,0.024797264006338082
68,1024,0.015160700990236364
1,512,0.011540852996404283
101,1024,0.017544727001222782
215,512,0.01310785200621467
193,512,0.02119516699167434
163,512,0.018516410011216067
85,1024,0.019297866994747892
229,512,0.020909666010993533
131,1024,0.016840718002640642
42,512,0.014762544000404887
248,512,0.008758509007748216
180,1024,0.021868002993869595
196,512,0.011532594988238998
54,512,0.016320335998898372
26,512,0.018314273009309545
223,512,0.022781626001233235
120,512,0.007486121001420543
28,512,0.023473819994251244
115,1024,0.014727432993822731
63,1024,0.016906420001760125
37,512,0.02254621300380677
27,1024,0.0109354760061251
44,1024,0.018333541011088528
40,512,0.018956395011628047
109,512,0.028024726998410188
160,512,0.020993261990952305
36,1024,0.012721412000246346
233,512,0.01381167399813421
78,512,0.011349869004334323
121,512,0.011103585988166742
252,512,0.021788914003991522
255,512,0.01948390298639424
253,512,0.02255296900693793
257,1024,0.02156925600138493
256,512,0.023187201004475355
254,512,0.02670687300269492
259,512,0.024456660001305863
265,1024,0.009547855996061116
260,1024,0.022486762987682596
264,1024,0.01328138800454326
258,1024,0.03267218099790625
269,1024,0.009273427000152878
261,512,0.026678306006942876
266,1024,0.01345572700665798
262,1024,0.02016213900060393
271,1024,0.014219104996300302
273,1024,0.013678748000529595
272,1024,0.015255423000780866
279,512,0.011359805997926742
263,512,0.029765901010250673
275,512,0.014958441999624483
274,1024,0.016736976001993753
281,512,0.010319853987311944
268,1024,0.02785505801148247
267,1024,0.030549339993740432
270,512,0.027464496000902727
278,1024,0.019258382002590224
277,512,0.028661829011980444
286,512,0.019263946000137366
298,512,0.010838531990884803
293,512,0.014710698000271805
287,1024,0.0204122319992166
288,512,0.022267042004386894
282,1024,0.028277182005695067
276,1024,0.03880957899673376
297,512,0.018954034996568225
284,512,0.029238622009870596
280,512,0.03753270900051575
299,1024,0.019728655999642797
283,512,0.03315491499961354
291,512,0.02731820299231913
292,1024,0.02753376901091542
285,512,0.034903088002465665
301,1024,0.02035397000145167
304,512,0.01885061500070151
290,512,0.037675576997571625
289,512,0.03982974101381842
309,512,0.018897296002251096
295,512,0.04046556199318729
311,1024,0.024522321997210383
307,1024,0.03132038499461487
294,1024,0.047340973003883846
296,512,0.04846667200035881
319,512,0.02536357300414238
310,512,0.033798544987803325
313,1024,0.03284119900490623
305,512,0.040996564988745376
321,512,0.027870136997080408
315,1024,0.03467081399867311
317,512,0.0337333689967636
316,512,0.03613287999178283
308,1024,0.045433888997649774
324,512,0.026987273013219237
326,512,0.027260638002189808
312,512,0.043381947005400434
300,512,0.06061343400506303
323,1024,0.0339628109941259
334,512,0.017363651990308426
322,1024,0.03589411301072687
302,1024,0.05885985899658408
318,1024,0.046822105010505766
306,512,0.06033318799745757
327,1024,0.03774067400081549
320,512,0.04750918899662793
330,1024,0.03282338799908757
303,1024,0.06573263001337182
325,512,0.043486599999596365
335,512,0.02964326700021047
329,512,0.040446243991027586
314,512,0.06254209500912111
352,512,0.01697273000900168
348,512,0.020488309004576877
328,1024,0.04749629300204106
339,1024,0.034962844001711346
337,512,0.03710776301159058
341,512,0.03406810299202334
336,512,0.04071272000146564
332,1024,0.0483133760135388
349,512,0.03193897400342394
351,1024,0.0320440600044094
347,1024,0.03620738899917342
331,1024,0.05616869700315874
354,512,0.032466264005051926
344,1024,0.04231195700413082
342,512,0.04724277499190066
340,1024,0.049756245003663935
357,1024,0.03300956799648702
365,512,0.02739549899706617
363,1024,0.030696604007971473
343,1024,0.0507441500085406
338,1024,0.058397240994963795
362,512,0.035825428989483044
366,512,0.03814223600784317
355,1024,0.049555035002413206
333,1024,0.07472014700761065
364,1024,0.042657395999412984
353,1024,0.05489069799659774
368,1024,0.040126712003257126
360,512,0.04914669299614616
361,1024,0.05131894300575368
378,512,0.03235598199535161
345,1024,0.07129805099975783
369,512,0.04944903099385556
373,1024,0.04620276900823228
375,512,0.04498775700631086
346,512,0.07609639898873866
377,512,0.045857158009312116
394,512,0.027910742006497458
359,1024,0.06685349700273946
382,512,0.04243845900055021
372,1024,0.056009915002505295
380,1024,0.04650019099062774
392,1024,0.036657365009887144
384,1024,0.04479018000711221
381,1024,0.04896079399622977
390,1024,0.04046010501042474
379,1024,0.05169732299691532
350,512,0.08594654699845705
393,512,0.04128120200766716
383,512,0.05113584900391288
367,1024,0.07207445999665651
388,512,0.04958016599994153
371,512,0.0742139700014377
389,512,0.0553963569982443
358,1024,0.09038616200268734
399,512,0.044371575000695884
376,512,0.07833325699903071
395,1024,0.05190237399074249
403,512,0.044184946003952064
404,512,0.042479613999603316
387,1024,0.0671826659963699
386,512,0.0687665199948242
396,512,0.05450843299331609
391,1024,0.06574808599543758
397,1024,0.05669695899996441
374,512,0.08881527600169647
408,512,0.0448179779923521
401,512,0.06004814700281713
423,512,0.0355531380046159
356,1024,0.11853695899480954
411,1024,0.04992619399854448
415,512,0.04538099400815554
370,512,0.10701062501175329
422,1024,0.043474353995407
413,1024,0.05190650399890728
417,1024,0.04900561799877323
385,1024,0.0920884460065281
409,1024,0.05849321999994572
406,512,0.06361814199772198
430,512,0.03545263300475199
412,512,0.05868532200111076
400,1024,0.07678644100087695
420,1024,0.05302145300083794
398,1024,0.0822491010039812
410,1024,0.06723604998842347
441,512,0.02992292099224869
402,1024,0.08312159399793018
416,1024,0.0644090940040769
424,1024,0.05753068100602832
438,512,0.038928127993131056
427,1024,0.05398228899866808
434,1024,0.04412423199391924
418,1024,0.0674679250078043
414,512,0.07190130099479575
419,512,0.06768458099395502
446,1024,0.02949732300476171
437,1024,0.04874675399332773
436,512,0.05270627498975955
421,1024,0.07532520199310966
407,1024,0.09147206699708477
431,512,0.0633781530050328
429,1024,0.06647837199852802
444,1024,0.04620689799776301
405,1024,0.10030055900278967
445,512,0.044660539002506994
443,1024,0.052216850002878346
432,512,0.06788986899482552
452,512,0.04046969900082331
433,512,0.06696131499484181
442,512,0.0608586029993603
426,1024,0.08557477800059132
440,1024,0.06744310399517417
439,512,0.0697733800043352
449,1024,0.05441574499127455
428,1024,0.08737889199983329
458,1024,0.04978707600093912
453,1024,0.0545107690122677
463,1024,0.047315165007603355
461,512,0.052021465002326295
448,512,0.06567156501114368
455,512,0.06146970600821078
473,1024,0.0456675609893864
471,512,0.049813377001555637
462,512,0.06097310199402273
459,512,0.06593062001047656
469,512,0.058966939002857544
465,1024,0.06368972999916878
485,1024,0.04052664199844003
457,1024,0.07399192900629714
490,1024,0.03650206100428477
472,512,0.060245946995564736
477,512,0.05515287599700969
470,512,0.0643262829980813
451,1024,0.08246362900536042
447,1024,0.08735302998684347
476,512,0.06035203600185923
491,1024,0.04211460700025782
475,512,0.06441835800069384
435,1024,0.1111588760104496
479,512,0.05964139099523891
480,512,0.059895558006246574
486,1024,0.05350954399909824
483,1024,0.060679214002448134
481,512,0.06444821099285036
454,1024,0.09606071800226346
450,512,0.10154358600266278
492,1024,0.0548051799996756
494,512,0.05301148800936062
467,512,0.08635397198668215
506,1024,0.03334587400604505
484,1024,0.06699558800028171
489,1024,0.06246860299143009
474,1024,0.08285155799239874
504,512,0.041559382996638305
487,512,0.06678250999539159
495,512,0.05805858300300315
478,1024,0.08187526499386877
464,512,0.09778815100435168
503,512,0.04913818900240585
497,512,0.058055724992300384
425,1024,0.15238004599814303
460,512,0.10619212199526373
456,512,0.11172193400852848
500,1024,0.05850435698812362
493,1024,0.06906574599270243
466,1024,0.10478405200410634
496,1024,0.07254037899838295
488,512,0.08421035800711252
511,1024,0.04895911899802741
519,512,0.043982292991131544
521,512,0.04290719200798776
499,512,0.07286566498805769
507,1024,0.059410740999737754
530,1024,0.03390640100406017
510,512,0.058061381001607515
535,512,0.03443813498597592
509,1024,0.06282835599267855
505,512,0.07146276099956594
468,1024,0.12260946699825581
482,512,0.10644127598789055
512,1024,0.06293750900658779
537,512,0.039788349997252226
533,1024,0.04519445600453764
501,1024,0.08730353400460444
513,1024,0.06886501400731504
522,1024,0.06311481999000534
498,1024,0.09615566000866238
525,1024,0.06368682699394412
527,1024,0.06317508300708141
508,512,0.08533757099939976
520,512,0.07401308399857953
523,1024,0.07197837300191168
548,512,0.04729323599894997
561,1024,0.037015491994679905
502,1024,0.10670122600276954
517,1024,0.08718513000349049
542,1024,0.06393161899177358
546,1024,0.061004466013400815
515,512,0.0927323299983982
531,1024,0.0759740990033606
551,1024,0.06051343599392567
539,512,0.07206097999005578
514,1024,0.09775722199992742
556,1024,0.05368284499854781
563,512,0.04868353200436104
516,512,0.09820640500402078
536,1024,0.07807925299857743
560,1024,0.05442567399586551
538,512,0.07858380899415351
545,512,0.07282319400110282
529,512,0.0873738240043167
518,1024,0.10287414598860778
543,1024,0.07882387499557808
526,512,0.098426495998865
558,1024,0.06559884099988267
568,1024,0.054414879996329546
544,1024,0.08354120199510362
540,1024,0.0893149819894461
553,512,0.07763810499454848
547,512,0.08368063499801792
554,1024,0.07972350199997891
567,1024,0.06409679500211496
577,1024,0.05360236098931637
552,1024,0.0871711109939497
565,1024,0.07003083899326157
562,512,0.07656179400510155
564,1024,0.07392055800301023
555,1024,0.08414171000185888
571,512,0.06672448699828237
582,1024,0.05066098700626753
524,1024,0.1215812449954683
541,1024,0.10812187498959247
584,512,0.055925963999470696
580,512,0.06486601798678748
566,512,0.08435501200438011
575,1024,0.07528963999357074
600,1024,0.040781253002933227
534,512,0.12329103199590463
578,1024,0.07383158699667547
532,1024,0.12623608300054912
528,1024,0.13169269300124142
569,1024,0.08963030400627758
610,512,0.036132410998106934
559,1024,0.10310347100312356
573,512,0.08845957599987742
596,512,0.054557567011215724
592,1024,0.060003140999469906
595,512,0.05919556200387888
576,512,0.09184122100123204
608,512,0.04891589700127952
611,1024,0.04913933500938583
603,1024,0.06334127100126352
550,512,0.13533766000182368
614,512,0.05327333899913356
628,512,0.03582363500026986
597,1024,0.07352935800736304
606,1024,0.06471679999958724
572,512,0.1112378300022101
549,512,0.14049278100719675
570,1024,0.114549204998184
605,512,0.06785706500522792
574,512,0.10966843098867685
588,512,0.08944814000278711
579,1024,0.10917875298764557
586,1024,0.09859019400028046
631,1024,0.044314360988209955
616,1024,0.06475423798838165
583,1024,0.10798120600520633
591,512,0.09376387600786984
609,1024,0.07496150500082877
599,512,0.08708030499110464
632,1024,0.04861761801294051
617,1024,0.06919179699616507
590,1024,0.10156037799606565
624,512,0.06922214799851645
594,1024,0.10518512700218707
641,512,0.052079678993322887
604,512,0.09858108700427692
607,512,0.09585641599551309
589,1024,0.1136500260035973
622,1024,0.07947714100009762
557,512,0.16344331498839892
619,1024,0.0859100180095993
667,1024,0.026219863997539505
646,512,0.05211121399770491
626,512,0.07938405800086912
593,512,0.11737542699847836
627,512,0.08008419000543654
602,1024,0.11176215299929027
612,512,0.1004186850041151
637,512,0.06993576198874507
598,1024,0.11866353299410548
634,512,0.0754182340024272
601,512,0.11991111699899193
629,512,0.08514095199643634
656,1024,0.0506557740009157
621,1024,0.09896437200950459
662,1024,0.05096286300977226
625,512,0.09846573899267241
587,512,0.14193407000857405
623,1024,0.10386522600310855
650,1024,0.06440165800449904
638,512,0.08562206299393438
615,1024,0.11532404100580607
636,512,0.08997493200877216
581,512,0.15954956600035075
620,512,0.1131207889993675
666,1024,0.055642379986238666
585,1024,0.15884301300684456
661,1024,0.06542320600419771
630,512,0.10204811599396635
657,1024,0.06962374599243049
613,512,0.12801218099775724
633,1024,0.1039679670066107
644,1024,0.09147458199004177
643,1024,0.09406560999923386
640,1024,0.09935295800096355
652,512,0.07974961498985067
670,1024,0.06438216099923011
642,1024,0.10000326100271195
618,512,0.13172635099908803
669,512,0.07050410500960425
654,512,0.08594133400765713
639,512,0.1092527830041945
655,512,0.0864087490044767
648,1024,0.09591922999243252
649,1024,0.09509876499942038
671,1024,0.07692068800679408
678,512,0.06481113701011054
672,512,0.08021138700132724
668,512,0.08424217099673115
677,1024,0.07147419499233365
698,512,0.05547502099943813
653,1024,0.10851691600691993
679,1024,0.07762905200070236
659,512,0.10951545300486032
723,512,0.0375805359944934
692,512,0.07414520200109109
673,512,0.09930097500910051
691,1024,0.07596340200689156
664,512,0.11037830798886716
693,512,0.07472091499948874
651,1024,0.12208965100580826
708,512,0.056839577009668574
660,512,0.11839484599477146
682,1024,0.09013577300356701
645,512,0.1396716750023188
695,512,0.07765619200654328
687,512,0.08739753000554629
703,512,0.07007933199929539
683,1024,0.09482751099858433
676,512,0.10401172099227551
709,1024,0.0658230560075026
681,512,0.09833951799373608
690,1024,0.08994313899893314
688,1024,0.09280246400157921
685,512,0.09543820000544656
700,1024,0.07907093700487167
665,512,0.12496591299714055
712,512,0.06961552498978563
686,512,0.09932084901083726
694,512,0.09322909500042442
706,512,0.08045347999723163
704,1024,0.08417639999242965
647,1024,0.15591350899194367
719,1024,0.06955916700826492
663,512,0.1392901119979797
718,512,0.07272428400756326
710,1024,0.08086202100093942
658,512,0.14566782799374778
635,512,0.17692137000267394
675,512,0.12973653900553472
716,1024,0.08502341200073715
702,1024,0.10082448399043642
684,1024,0.1229284120054217
674,1024,0.13930971499939915
713,512,0.09096351599146146
699,512,0.10999015500419773
714,512,0.09458143700612709
724,512,0.08479856800113339
729,1024,0.07938630400167312
727,1024,0.08140515399281867
721,1024,0.09097277600085363
722,512,0.09183828100503888
707,1024,0.11061350400268566
748,512,0.05549469799734652
732,512,0.0848174129932886
711,1024,0.11220740299904719
760,512,0.05117495599552058
730,512,0.09459264899487607
763,1024,0.05061658400518354
728,1024,0.098234422999667
717,512,0.11180824000621215
736,512,0.08734724098758306
743,1024,0.07073034800123423
752,1024,0.0653127819969086
744,512,0.07654492200526875
765,512,0.06098367000231519
733,512,0.1019519749970641
764,1024,0.06644027199945413
735,1024,0.1064920779899694
777,1024,0.0564996539906133
759,512,0.07485791201179381
788,1024,0.042522200994426385
756,512,0.07907958199211862
734,1024,0.11071939399698749
697,1024,0.1585487990087131
738,512,0.1099356899940176
767,1024,0.0763618549972307
758,1024,0.08519698200689163
793,1024,0.04605745700246189
783,512,0.05768779700156301
786,512,0.05891555000562221
731,1024,0.1304336949979188
762,512,0.08790204300021287
737,1024,0.12056385300820693
689,512,0.18370402199798264
766,1024,0.09041080500173848
741,1024,0.11788871198950801
779,1024,0.0776740560104372
751,512,0.10709777500596829
778,512,0.08112934499513358
720,1024,0.15505053600645624
753,1024,0.10868707999179605
772,512,0.0902618510008324
801,512,0.05114045699883718
755,512,0.11202332499669865
725,1024,0.15874878400063608
747,1024,0.12396420999721158
785,512,0.0853729809896322
794,1024,0.077616020993446
739,1024,0.14248534600483254
781,1024,0.09629320800013375
745,1024,0.13585668899759185
771,1024,0.11267635000695009
715,512,0.18524436600273475
774,512,0.11197597499995027
705,1024,0.1984036339999875
800,512,0.07739828099147417
769,512,0.12160239699005615
813,1024,0.05731517099775374
750,1024,0.14144237199798226
797,1024,0.08640311400813516
749,1024,0.14407500499510206
680,512,0.23331691199564375
770,1024,0.12689064799633343
746,1024,0.14901301900681574
773,512,0.12619655999878887
806,1024,0.08260028499353211
726,1024,0.1878117970045423
742,1024,0.16125678300159052
784,512,0.11522433999925852
696,512,0.22475325599953067
701,1024,0.22147148499789182
782,1024,0.12138327199500054
804,512,0.09336515500035603
809,512,0.08311961199797224
768,1024,0.14409485999203753
776,512,0.13588033299311064
798,1024,0.10418778999883216
795,512,0.1114285609946819
827,1024,0.06628259699209593
761,512,0.1566767749900464
799,1024,0.107315818007919
789,512,0.12637007900048047
796,1024,0.11733606699272059
815,512,0.09009561999118887
834,1024,0.0715622190036811
757,512,0.17131719099415932
790,512,0.13724817699403502
822,1024,0.08849697800178546
812,1024,0.10004700400168076
836,512,0.0752076799981296
792,1024,0.13782717200228944
775,1024,0.1598514790093759
845,512,0.06753513299918268
851,1024,0.058921603005728684
819,1024,0.10017692499968689
810,1024,0.11212044200510718
803,1024,0.12812829500762746
817,512,0.10712264299218077
802,1024,0.1294134889903944
839,512,0.08637389099749271
829,512,0.09835920100158546
740,1024,0.21258098300313577
833,1024,0.09438834500906523
816,512,0.11628279600699898
780,512,0.1731140750052873
828,512,0.10538408999855164
821,512,0.11276804699446075
754,1024,0.20226342699606903
820,512,0.11593165800150018
814,512,0.1263414940040093
787,1024,0.17239691199210938
847,512,0.09856692100584041
825,512,0.12732785499247257
826,512,0.1275190919986926
838,1024,0.1160440270032268
823,512,0.13273981401289348
791,1024,0.18279061499924865
862,512,0.08642755899927579
818,512,0.14188466499035712
876,1024,0.07286584300163668
832,512,0.12833078400581144
879,512,0.07196747900161427
873,512,0.07818736700573936
844,512,0.11667368099733721
881,1024,0.07244760000321548
865,1024,0.09324583200213965
841,512,0.12708396899688523
882,1024,0.07589877001009881
885,1024,0.07345081800303888
824,1024,0.14832666600705124
808,512,0.17000491100770887
868,512,0.0974743800034048
805,1024,0.18357860199466813
830,1024,0.14717305000522174
893,512,0.07178136600123253
875,512,0.09793981199618429
850,512,0.12788535498839337
846,512,0.13617174999671988
849,1024,0.13169896800536662
840,512,0.14879998700052965
860,1024,0.12441648398817051
877,1024,0.10661614598939195
883,512,0.10181789900525473
884,512,0.10132575799070764
837,1024,0.16049383601057343
900,1024,0.08079949500097428
835,1024,0.16418245300883427
897,512,0.08699751799576916
896,512,0.08835048599576112
853,1024,0.13929162599379197
870,512,0.12149747399962507
874,1024,0.11712932000227738
855,1024,0.14185976098815445
863,1024,0.13461136199475732
842,1024,0.16409063200990204
902,1024,0.08695512899430469
857,512,0.1433631260006223
878,512,0.12097111498587765
807,1024,0.21058921099756844
864,512,0.13998394100053702
858,512,0.1470105619955575
843,512,0.16976570298720617
891,512,0.10662613000022247
910,512,0.08504753300803714
901,512,0.09857987899158616
899,512,0.10081640499993227
854,512,0.15680484900076408
867,512,0.1425727210007608
831,1024,0.19043786299880594
872,1024,0.14141715998994187
886,512,0.12387359500280581
889,1024,0.11845509200065862
887,1024,0.12499885099532548
848,1024,0.17503178099286743
909,1024,0.10158238899020944
914,1024,0.10267678700620309
890,512,0.13668263600266073
931,512,0.08144437900045887
880,1024,0.15496850600175094
943,1024,0.06540773999586236
923,1024,0.09178228699602187
871,512,0.16897007900115568
947,1024,0.06363841499842238
894,1024,0.14181140100117773
915,1024,0.11830481099605095
940,1024,0.08090464600536507
953,512,0.0601950740092434
866,1024,0.18353036999178585
913,512,0.12531694199424237
856,512,0.19628578799893148
926,1024,0.10191504300746601
933,1024,0.0952636430010898
957,512,0.06338759399659466
911,512,0.1318159849906806
938,1024,0.09329940201132558
892,1024,0.1562123299954692
920,512,0.11284734500804916
944,512,0.08428520000597928
921,1024,0.11351516800641548
939,1024,0.09681629599072039
922,1024,0.11566032200062182
888,512,0.17256285600888077
985,512,0.04636596101045143
928,512,0.11523805299657397
907,512,0.15196632899460383
859,512,0.21294411399867386
973,512,0.06481240699940827
898,512,0.16633789699699264
945,512,0.100993420011946
958,1024,0.08637756000098307
954,1024,0.09078290899924468
941,1024,0.11170325899729505
919,512,0.13662018399918452
963,512,0.08726332699006889
942,1024,0.11376028999802656
950,1024,0.09964858699822798
869,1024,0.21565888400073163
965,512,0.08950313700188417
989,512,0.050468974994146265
852,512,0.23817175299336668
904,512,0.17924417099857237
905,1024,0.17478403300628997
960,512,0.1009989489975851
959,1024,0.10493523499462754
916,512,0.16743669800052885
930,512,0.14485021300788503
972,1024,0.09430611699644942
861,1024,0.241269411999383
964,512,0.10597777500515804
977,1024,0.09384770000178833
935,1024,0.1453991610032972
967,512,0.10799006000161171
969,512,0.10616197600029409
906,512,0.19263704800687265
912,512,0.18682648600952234
937,512,0.14941673600696959
924,512,0.1636952300032135
983,1024,0.09585094299109187
811,512,0.31604454600892495
918,1024,0.17153307399712503
1000,512,0.0663026690017432
987,1024,0.083387467006105
948,1024,0.1378541770100128
988,1024,0.08293579600285739
925,512,0.1721648999955505
956,1024,0.1317318899964448
1013,512,0.06313515499641653
946,1024,0.14910066399897914
998,512,0.07841477199690416
936,1024,0.16545080300420523
968,512,0.1283025769953383
1009,512,0.07302138999511953
934,1024,0.1744650390028255
927,1024,0.1833837680023862
951,512,0.1504891700024018
978,1024,0.12647528199886438
895,1024,0.23546334699494764
1017,512,0.07137775598675944
975,512,0.13213925099989865
962,1024,0.14873884301050566
993,1024,0.10149120699497871
955,1024,0.155733029008843
1012,1024,0.085847673995886
996,512,0.10070638700562995
974,1024,0.14103710200288333
982,1024,0.1338044739968609
981,1024,0.135800403993926
980,512,0.13709560601273552
1022,512,0.07609222400060389
929,1024,0.19969289599976037
1014,1024,0.091549930992187
1021,512,0.08434779799426906
997,512,0.11243896200903691
1034,512,0.07095291800214909
917,1024,0.22298778999538627
970,512,0.1614397560042562
1030,512,0.08090509699832182
1018,1024,0.09624343400355428
1063,1024,0.04052996099926531
1025,512,0.08895828000095207
979,512,0.15561468599480577
990,512,0.132906669008662
966,1024,0.17531519899785053
995,1024,0.1312377389986068
976,512,0.1676874919940019
1031,512,0.0920127470017178
1032,1024,0.09190871600003447
1051,512,0.06722257900401019
1007,512,0.12493344100948889
1008,1024,0.1255473500059452
991,1024,0.1457086779992096
1023,1024,0.11048473999835551
984,512,0.16717104299459606
1056,512,0.07236081099836156
999,512,0.1418107960053021
1016,512,0.12349625398928765
1039,512,0.09391889900143724
1049,512,0.08166908800194506
1001,1024,0.14289686200208962
903,512,0.2830604710034095
949,512,0.21177070699923206
986,512,0.1665721200115513
908,512,0.27842950899503194
1037,512,0.10530424299940933
1053,1024,0.08509237499674782
1011,1024,0.14146135200280696
1041,512,0.101760377001483
1006,512,0.14795607700943947
1046,512,0.09960374400543515
971,512,0.2036346179957036
1064,1024,0.08165631000883877
961,512,0.2168359520001104
1040,1024,0.11236112700134981
952,512,0.22569975499936845
1003,1024,0.16251189399918076
1005,512,0.16108790699217934
1044,512,0.11288852599682286
932,1024,0.2619783430127427
1057,512,0.10162255400791764
994,512,0.17766035698878113
992,1024,0.18370645800314378
1033,1024,0.13848597698961385
1026,512,0.15033834800124168
1045,512,0.13076067499059718
1059,512,0.11642890099028591
1093,512,0.07135910898796283
1082,512,0.08890534100646619
1103,512,0.06172898499062285
1105,1024,0.05901577600161545
1081,512,0.09686568299366627
1068,1024,0.11475090000021737
1035,1024,0.16013423100230284
1097,512,0.07873984400066547
1076,512,0.10709255200345069
1054,1024,0.13795962500444148
1094,1024,0.08612527800141834
1050,1024,0.14352836599573493
1062,1024,0.1319109650066821
1122,512,0.05581312299182173
1028,512,0.17707083899585996
1072,512,0.12016489599773195
1067,512,0.12647069498780183
1087,1024,0.10089206999691669
1029,1024,0.17811373199219815
1065,512,0.13274635499692522
1089,512,0.10051959600241389
1079,1024,0.11665853500016965
1042,512,0.16542327600473072
1048,1024,0.15793902300356422
1070,1024,0.13151905899576377
1047,1024,0.16310683901247103
1066,1024,0.1416230769973481
1092,512,0.10851332900347188
1004,1024,0.22307643599924631
1069,512,0.14070705699850805
1052,1024,0.16392223699949682
1002,1024,0.22710370398999657
1100,512,0.10132573200098705
1085,1024,0.12447056200471707
1075,1024,0.1375896129902685
1010,1024,0.2236254660092527
1027,1024,0.2020626150042517
1060,1024,0.16236654699605424
1020,512,0.21444651400088333
1058,512,0.1682822939910693
1038,512,0.19253693100472447
1112,512,0.09986085200216621
1043,512,0.19233309700211976
1055,1024,0.18179844500264153
1083,1024,0.14700002800964285
1061,512,0.1745736450102413
1118,1024,0.10221633399487473
1101,512,0.12302623900177423
1109,1024,0.11170138500165194
1117,512,0.1066937669966137
1138,512,0.06857748300535604
1133,1024,0.08650111299357377
1111,1024,0.11510713399911765
1078,512,0.15999924400239252
1108,512,0.1185584380000364
1036,512,0.21810953199747019
1107,1024,0.12202694700681604
1024,512,0.2330597980035236
1126,1024,0.10186262700881343
1123,1024,0.10703537499648519
1104,512,0.13212550900061615
1113,512,0.12166340099065565
1095,1024,0.14723836501070764
1131,512,0.100573499003076
1124,512,0.10980304000258911
1086,1024,0.16033441299805418
1015,512,0.2555272729950957
1121,512,0.12109539000084624
1106,512,0.1359638680005446
1090,512,0.1591751809901325
1071,512,0.1867489920114167
1080,1024,0.17685598599200603
1120,512,0.1267136520036729
1074,512,0.18600925800274126
1116,512,0.13602825900306925
1077,1024,0.1873288969945861
1114,512,0.14054618000227492
1102,1024,0.1557447680097539
1110,1024,0.1447574609919684
1098,512,0.1612743649893673
1019,1024,0.2670908839936601
1130,1024,0.12300116299593356
1088,512,0.17826564400456846
1128,512,0.1268138770101359
1125,1024,0.13272482799948193
1132,512,0.12506998800381552
1129,1024,0.12908389199583326
1084,512,0.19340910199389327
1158,512,0.09318417900067288
1135,1024,0.1315648739982862
1096,1024,0.18608673599374015
1159,512,0.0952538139972603
1119,1024,0.1597098110069055
1134,512,0.1421146850043442
1167,512,0.09100405700155534
1207,512,0.0547614459937904
1189,1024,0.07492476700281259
1180,512,0.09018793699215166
1127,1024,0.16920183099864516
1196,512,0.07146256799751427
1191,512,0.07580915499420371
1206,1024,0.06206921399279963
1227,512,0.0397048500017263
1154,1024,0.12736585400125477
1211,1024,0.061711953007034026
1091,512,0.22326558000349905
1156,512,0.13155190600082278
1157,512,0.13211282099655364
1145,1024,0.14530107300379314
1161,1024,0.13086756500706542
1153,512,0.13769451901316643
1220,512,0.060744140995666385
1204,512,0.08223834300588351
1149,512,0.14764219900825992
1223,1024,0.06218496899236925
1168,1024,0.12702354599605314
1099,512,0.2268511069996748
1184,1024,0.10597526900528464
1160,1024,0.14127980000921525
1179,512,0.11865682499774266
1187,512,0.10508317100175191
1218,1024,0.07146821700735018
1140,1024,0.17003655299777165
1183,512,0.11186501200427301
1143,1024,0.16818461100046989
1177,1024,0.12856803700560704
1170,1024,0.13788774899148848
1171,1024,0.13841938400582876
1174,1024,0.13687913099420257
1230,512,0.062018167998758145
1188,1024,0.11747129700961523
1195,512,0.11059979899437167
1144,1024,0.17413186500198208
1221,1024,0.08319837698945776
1169,512,0.14531808700121474
1139,1024,0.18566617301257793
1073,512,0.28325541300000623
1246,512,0.03249348601093516
1219,1024,0.08777796500362456
1193,512,0.11842115799663588
1217,1024,0.09131298499414697
1212,512,0.09962579200509936
1176,1024,0.14386691400432028
1203,512,0.11122985700785648
1200,512,0.11505952999868896
1216,1024,0.09583252000447828
1208,1024,0.1082089520059526
1162,1024,0.16591168200829998
1185,512,0.13248667599691544
1215,1024,0.0991517519869376
1194,512,0.12637682199419942
1136,1024,0.20943477400578558
1202,512,0.12122280200128444
1151,1024,0.1831041620025644
1197,1024,0.1275966859975597
1146,1024,0.1879918960039504
1178,1024,0.15337314900534693
1142,1024,0.19709638701169752
1175,1024,0.15843082999344915
1148,1024,0.18914348199905362
1172,1024,0.16289874899666756
1181,1024,0.15110049999202602
1210,1024,0.119339625001885
1186,1024,0.14421560999471694
1141,1024,0.20583285699831322
1192,1024,0.13987554499180987
1115,1024,0.25305824699171353
1147,1024,0.19694498801254667
1228,512,0.09465149400057271
1155,512,0.18948736200400162
1198,1024,0.13881053299701307
1165,512,0.18108815200685058
1224,512,0.11309532599989325
1245,1024,0.06687936600064859
1163,512,0.18845378399419133
1214,1024,0.12566973999491893
1239,512,0.07696561999910045
1182,512,0.1673961749911541
1137,512,0.2331152499973541
1236,1024,0.08654724500956945
1199,512,0.15425087200128473
1209,1024,0.14721752400510013
1166,512,0.19910490199981723
1234,1024,0.10730987499118783
1173,1024,0.19397330599895213
1269,1024,0.056282384000951424
1238,512,0.09584234100475442
1242,1024,0.09157033599331044
1251,512,0.08234971300407778
1252,1024,0.08230415900470689
1282,1024,0.05682083898864221
1225,512,0.14207824699406046
1150,512,0.23120653700607363
1231,512,0.1293030819942942
1229,1024,0.1324914550059475
1235,512,0.11275761500291992
1303,512,0.046558767004171386
1232,1024,0.13246590000926517
1152,1024,0.2348363640048774
1255,512,0.09611973700521048
1205,1024,0.1814557110046735
1256,512,0.09676303999731317
1276,512,0.07769616699079052
1190,1024,0.19728656799998134
1222,1024,0.1641180469887331
1248,1024,0.10770369200326968
1288,1024,0.07171374499739613
1241,1024,0.12182796400156803
1287,512,0.07403729499492329
1266,1024,0.09225025899650063
1247,512,0.11624822400335688
1164,1024,0.24278330500237644
1272,1024,0.09150255400163587
1201,1024,0.198422686997219
1274,512,0.09193929299362935
1237,512,0.1360390979971271
1271,512,0.09649788000388071
1261,1024,0.10968525600037538
1259,512,0.11185526200279128
1233,512,0.15674993299762718
1226,1024,0.17737138099619187
1258,1024,0.11692113999743015
1279,1024,0.10751843499019742
1292,1024,0.09712154600128997
1290,1024,0.10117251200426836
1299,1024,0.09574503600015305
1317,1024,0.07520887299324386
1301,512,0.09444147399335634
1286,1024,0.10841797300963663
1262,1024,0.13268845199490897
1243,1024,0.15623431401036214
1270,512,0.12565050699049607
1254,512,0.14522555300209206
1311,1024,0.09557559300446883
1313,512,0.09705219500756357
1329,512,0.07202071699430235
1331,1024,0.07043601699115243
1280,1024,0.13100965999183245
1281,512,0.1318428560043685
1253,1024,0.15923452998686116
1275,512,0.1375923190062167
1321,1024,0.09081460499146488
1319,512,0.09648467101214919
1333,512,0.07611003999772947
1306,1024,0.11609605699777603
1213,512,0.23599476600065827
1347,512,0.06118704499385785
1257,1024,0.162814671988599
1318,512,0.10600739599613007
1309,1024,0.12156213499838486
1325,1024,0.09581748000346124
1315,1024,0.1146573830046691
1312,1024,0.11794405001273844
1300,1024,0.13091178600734565
1260,1024,0.16687789199932013
1302,1024,0.13007223000749946
1240,1024,0.193576920995838
1335,1024,0.08776903800026048
1250,1024,0.18209059299260844
1283,1024,0.15269711200380698
1267,1024,0.1659991940105101
1307,1024,0.1354137640009867
1293,1024,0.14747813799476717
1297,1024,0.1461399420077214
1268,1024,0.1688171949936077
1337,512,0.09633375900739338
1298,1024,0.1504457950068172
1334,512,0.10316199199587572
1354,512,0.07790981100697536
1277,512,0.16908686199167278
1305,1024,0.14805421000346541
1263,512,0.18577354098670185
1328,1024,0.11615519199403934
1295,1024,0.15905866799585056
1304,512,0.1525310759898275
1244,512,0.21213494600669947
1264,1024,0.1877135079994332
1310,1024,0.15123332099756226
1249,512,0.20679719900363125
1352,512,0.09203976299613714
1314,512,0.14961977499478962
1296,1024,0.16681445500580594
1285,512,0.17734860400378238
1332,1024,0.12326598000072408
1323,1024,0.13801963299920317
1348,1024,0.10617722599999979
1278,1024,0.1891652409976814
1345,1024,0.11224631199729629
1326,512,0.13996147099533118
1273,1024,0.1950725130009232
1346,1024,0.11312297300901264
1265,512,0.20641229300235864
1338,512,0.12749831000110134
1361,512,0.09909550999873318
1359,512,0.10206866799853742
1371,512,0.07750206200580578
1289,1024,0.1916078899957938
1339,1024,0.12670400299248286
1316,512,0.1699867790011922
1330,1024,0.14488811400951818
1340,1024,0.13036838300467934
1370,1024,0.0872190720110666
1327,1024,0.15342385300027672
1294,1024,0.19358281799941324
1349,1024,0.12574370700167492
1353,512,0.12231428899394814
1291,1024,0.20140404300764203
1356,512,0.12108252300822642
1369,1024,0.09706946300866548
1365,1024,0.10156875300162937
1320,512,0.17385839099006262
1368,512,0.1049277929996606
1336,1024,0.15457550900464412
1391,512,0.08222522199503146
1381,512,0.0955228340026224
1434,512,0.03690518200164661
1351,512,0.14880636299494654
1387,512,0.09410325900535099
1308,512,0.2131088549940614
1412,512,0.06556533499679063
1400,512,0.08194465399719775
1388,1024,0.09616930500487797
1399,512,0.08579999899666291
1284,512,0.2403244809975149
1362,512,0.13892447399848606
1360,1024,0.15177998899889644
1430,512,0.05633367400150746
1366,512,0.13668438600143418
1322,1024,0.2034042469895212
1390,512,0.10452607901243027
1394,512,0.10302320100890938
1324,1024,0.2025696510099806
1407,1024,0.08627358300145715
1382,512,0.11653452899190597
1418,512,0.07727404500474222
1414,1024,0.08227478900516871
1384,1024,0.11789442900044378
1396,512,0.10689641800126992
1376,1024,0.12796915099897888
1342,1024,0.18216579599538818
1409,512,0.09196825600520242
1411,512,0.09092352299194317
1350,512,0.17819823999889195
1344,512,0.18592664200696163
1372,512,0.14265052300470416
1367,512,0.15378792899718974
1397,1024,0.11585946400009561
1416,1024,0.09541397899738513
1380,512,0.13720864499919116
1413,1024,0.10083828899951186
1392,512,0.12686884599679615
1395,512,0.12600024600396864
1377,512,0.14423368900315836
1403,512,0.11696866099373437
1405,512,0.11658396900747903
1428,1024,0.09072527200623881
1383,1024,0.14536386998952366
1373,512,0.16168840900354553
1417,1024,0.10968664700340014
1401,512,0.12995447601133492
1426,1024,0.10086602700175717
1343,512,0.21479128499049693
1364,1024,0.1836084579990711
1378,1024,0.16093900700798258
1423,512,0.11225790799653623
1445,1024,0.09105013401131146
1424,512,0.11684286300442182
1385,512,0.16354347999731544
1455,512,0.07127335399854928
1358,512,0.21368335200531874
1454,512,0.0760838300047908
1429,1024,0.11713830899680033
1432,1024,0.11589279999316204
1436,1024,0.1117462800029898
1393,512,0.1642562429915415
1374,1024,0.1868643680063542
1449,1024,0.1014879239955917
1389,1024,0.17055167799117044
1398,512,0.16416824200132396
1442,1024,0.11252724099904299
1375,1024,0.19053248000273015
1415,1024,0.1455983870109776
1427,512,0.13047397299669683
1386,512,0.18024736100051086
1410,512,0.15550167299807072
1452,1024,0.1041761290107388
1408,512,0.1584026219934458
1402,1024,0.1659790480043739
1341,512,0.2517636660049902
1456,1024,0.09251845799735747
1469,512,0.07774352398701012
1435,512,0.13115783799730707
1450,512,0.1125278649997199
1468,1024,0.08006445899081882
1444,1024,0.1228281160001643
1406,1024,0.16714258400315885
1404,512,0.17439989199920092
1379,512,0.2028617369942367
1461,512,0.0971597349998774
1451,1024,0.11916021900833584
1459,1024,0.10184243599360343
1425,1024,0.1526288249879144
1438,1024,0.13740227300149854
1437,1024,0.14080742599617224
1363,1024,0.2329600829980336
1355,1024,0.25213215399708133
1441,1024,0.13797951600281522
1419,512,0.16549265300272964
1458,512,0.11110522999661043
1478,512,0.09159833399462514
1447,512,0.1396841539972229
1422,1024,0.17118038499029353
1431,1024,0.16140315600205213
1420,1024,0.17633060899970587
1480,512,0.09722287200565916
1465,1024,0.11115155099832918
1433,512,0.16423083099653013
1489,512,0.09051338500285055
1421,1024,0.1864305070048431
1464,512,0.12085419600771274
1485,1024,0.10405198299849872
1508,512,0.0671121899940772
1471,512,0.12157613299496006
1509,512,0.06972227100050077
1527,512,0.05174012000497896
1548,512,0.03116937499726191
1521,512,0.060999120003543794
1551,1024,0.0308669549995102
1546,512,0.0423727329907706
1488,512,0.11489607799740043
1473,512,0.13533178900252096
1528,512,0.0644280870037619
1443,512,0.1852571430063108
1481,512,0.13255785599176306
1493,1024,0.11650915500649717
1448,1024,0.18213401999673806
1520,1024,0.07636353399720974
1453,512,0.1674954619957134
1467,512,0.15155361201323103
1492,1024,0.12549794299411587
1534,1024,0.07120773399947211
1472,512,0.15035059199726675
1516,1024,0.08835154000553302
1498,1024,0.11768934098654427
1457,512,0.1683673869993072
1491,1024,0.13044679700396955
1513,512,0.09501753799850121
1462,1024,0.16534302999207284
1503,512,0.11756594100734219
1550,512,0.061294772996916436
1523,1024,0.09317388200724963
1439,1024,0.2118713090021629
1552,512,0.0610009209922282
1542,512,0.07712865900248289
1529,512,0.09130238099896815
1531,512,0.09220826700038742
1536,512,0.08578934099932667
1518,512,0.10561194899491966
1535,1024,0.09104499399836641
1506,1024,0.1219226449902635
1504,1024,0.12959504200262018
1483,1024,0.16324221499962732
1556,1024,0.06661268298921641
1497,1024,0.14353224101068918
1357,512,0.337763008006732
1514,512,0.12099466798827052
1470,512,0.1827503539971076
1522,512,0.11399457498919219
1463,512,0.1915879520092858
1517,1024,0.12061478300893214
1559,1024,0.07166229300491977
1500,1024,0.15222026999981608
1501,512,0.15149085300799925
1539,1024,0.10485919100756291
1482,512,0.1823412879894022
1484,1024,0.18142121999699157
1477,512,0.18955233099404722
1540,1024,0.10861083000781946
1554,512,0.09109134200843982
1544,1024,0.10624636001011822
1511,1024,0.1416128690034384
1486,512,0.18201173900160939
1499,1024,0.16412551900430117
1495,512,0.17422218900173903
1532,512,0.12676697799179237
1440,1024,0.252187400998082
1494,1024,0.1783716329955496
1569,512,0.07172214800084475
1530,1024,0.13128600000345614
1568,512,0.07460364699363708
1533,1024,0.13069964699388947
1541,1024,0.12185158900683746
1512,1024,0.15117045599617995
1505,512,0.16138042601232883
1515,512,0.1504076650016941
1474,512,0.20977143199706916
1446,1024,0.2532809270051075
1576,512,0.07230512800742872
1577,512,0.07255788099428173
1496,512,0.18695387200568803
1564,1024,0.09454188900417648
1490,512,0.2019389439956285
1566,512,0.09736550599336624
1570,512,0.0906399870000314
1561,1024,0.10803245000715833
1476,1024,0.22452187500311993
1502,1024,0.1872184360108804
1510,1024,0.17444121699372772
1526,1024,0.15783065400319174
1475,512,0.22945781500311568
1507,512,0.18342756399943028
1553,512,0.1309368619986344
1574,1024,0.09639173001050949
1547,1024,0.14782843900320586
1600,1024,0.07119215300190262
1524,512,0.1728886019991478
1549,512,0.14948408800410107
1589,512,0.08722478199342731
1599,1024,0.07684360799612477
1543,1024,0.1611088909994578
1466,1024,0.25429795699892566
1545,512,0.16190685000037774
1604,1024,0.07548989399219863
1584,1024,0.1011757420055801
1557,512,0.14318113299668767
1525,512,0.1840857929928461
1580,1024,0.10834017299930565
1585,1024,0.1064931619912386
1538,1024,0.17493379999359604
1586,1024,0.1072160790063208
1603,512,0.08595124399289489
1590,1024,0.0997742439940339
1605,1024,0.08242206800787244
1591,1024,0.1008363430009922
1567,512,0.13298847300757188
1560,1024,0.14797349000582471
1594,1024,0.1015776360000018
1593,1024,0.10387326100317296
1487,1024,0.251828274995205
1460,1024,0.28414520299702417
1555,512,0.16885529199498706
1571,1024,0.13773806300014257
1583,1024,0.13027523600612767
1617,1024,0.08725946900085546
1658,1024,0.035511142006726004
1652,1024,0.05182661100116093
1479,512,0.2868073319987161
1596,1024,0.12417842900322285
1597,1024,0.12706567300483584
1620,512,0.10201493601198308
1616,512,0.10589938900375273
1614,512,0.10848848700698
1629,1024,0.09379631199408323
1647,512,0.07380376900255214
1638,512,0.08727817999897525
1641,1024,0.08072905399603769
1623,512,0.10179869300918654
1646,1024,0.07687953401182313
1587,512,0.15205744998820592
1578,512,0.16004093100491446
1661,512,0.05673414700140711
1634,512,0.09775093699863646
1618,512,0.11399442299443763
1619,1024,0.11467754599289037
1575,512,0.16875944899220485
1625,512,0.1081812530028401
1572,512,0.17389603699848522
1558,1024,0.19934382199426182
1630,512,0.10730808100197464
1611,512,0.1268166090012528
1631,512,0.10763113001303282
1660,512,0.06712290100404061
1626,512,0.11288468400016427
1644,1024,0.09110737600713037
1612,512,0.1298773699963931
1563,1024,0.19828105399210472
1562,512,0.20227475199499168
1627,512,0.12085066200233996
1648,512,0.09754360500664916
1649,512,0.09644350699090865
1624,512,0.12653899699216709
1639,1024,0.11274310399312526
1579,512,0.1818851190037094
1537,512,0.24746873900585342
1601,512,0.15872815198963508
1621,512,0.13660462100233417
1654,512,0.09135019899986219
1632,1024,0.1274128349905368
1615,1024,0.14500997999857645
1573,1024,0.1986585440026829
1664,1024,0.08656756101117935
1602,1024,0.16743655300524551
1610,1024,0.15748908200475853
1655,1024,0.10126004299672786
1606,1024,0.1658663370035356
1588,512,0.18817147400113754
1582,1024,0.19843842400587164
1650,1024,0.1162372230028268
1565,1024,0.2249179279897362
1622,1024,0.15276574200834148
1645,512,0.12501250399509445
1613,512,0.1639623739902163
1519,1024,0.29096251899318304
1653,1024,0.11751364299561828
1633,1024,0.14792126999236643
1672,1024,0.09677231899695471
1640,512,0.14075297099770978
1595,512,0.19433391399797983
1581,1024,0.21364377599093132
1663,1024,0.11126109999895561
1592,512,0.20287426200229675
1636,512,0.15530912000394892
1643,512,0.1431132840079954
1681,1024,0.09568466499331407
1642,1024,0.14808614099456463
1608,512,0.19224589101213496
1651,1024,0.1467350859893486
1692,512,0.08162736300437246
1678,1024,0.11463282800104935
1714,512,0.06408402699162252
1687,512,0.09125717799179256
1699,512,0.07796374100144021
1686,512,0.09414932598883752
1682,512,0.1060079190065153
1680,512,0.11346594100177754
1665,1024,0.1325052419997519
1697,512,0.08534067199798301
1696,512,0.087056913995184
1628,1024,0.18745718599529937
1635,1024,0.187041754994425
1671,512,0.1374355279986048
1674,512,0.13559315200836863
1667,1024,0.1416744649905013
1701,512,0.09308880499156658
1703,512,0.09292340300453361
1662,1024,0.15176445301040076
1676,1024,0.13788855100574438
1689,512,0.10678040399216115
1691,1024,0.1078778139926726
1669,512,0.14758521699695848
1656,512,0.16433864099963102
1710,512,0.0955116260010982
1637,512,0.19801861800078768
1679,1024,0.14410478799254633
1598,512,0.24451055000827182
1659,1024,0.16769459600618575
1673,1024,0.15436189000320155
1713,512,0.10342317599861417
1705,1024,0.11204083600023296
1685,1024,0.13520055399567354
1607,1024,0.24488159899192397
1709,512,0.11112652999872807
1657,512,0.180771197003196
1708,1024,0.11435666101169772
1704,1024,0.11947896699712146
1707,512,0.11989921399799641
1668,512,0.1748467480065301
1684,512,0.1515290429961169
1609,512,0.2537663569964934
1729,512,0.10534575900237542
1683,1024,0.164088946999982
1695,1024,0.14276909999898635
1722,512,0.1179996690043481
1734,512,0.10381070700532291
1797,512,0.016941854992182925
1738,512,0.10272929399798159
1716,512,0.1344104400050128
1780,512,0.04920444700110238
1749,512,0.09753039499628358
1747,512,0.10156173899304122
1754,512,0.09183655999368057
1724,1024,0.13650220200361218
1757,512,0.08768585498910397
1730,512,0.1332509259955259
1739,512,0.12329964099626523
1793,1024,0.04690635099541396
1712,512,0.15979861000960227
1711,512,0.16235885399510153
1698,1024,0.17437357000017073
1694,512,0.17740026299725287
1740,512,0.12855377199593931
1789,1024,0.05829094799992163
1719,512,0.15566073899390176
1745,1024,0.1261501310073072
1788,512,0.06133056299586315
1727,1024,0.15094553800008725
1782,1024,0.074915372999385
1721,1024,0.15880300500430167
1693,1024,0.18665747600607574
1772,1024,0.09082145801221486
1774,512,0.08962361399608199
1785,512,0.07612893299665302
1777,512,0.08873740400304087
1755,1024,0.12069002199859824
1715,1024,0.17540786899917293
1752,1024,0.12814978399546817
1791,1024,0.0718935469922144
1702,1024,0.18980740799452178
1773,512,0.0973836310004117
1763,1024,0.11259620600321796
1720,1024,0.1706486040056916
1766,1024,0.11041540499718394
1717,1024,0.1755773470067652
1670,512,0.24333980098890606
1726,512,0.17025579600885976
1761,512,0.1204485409980407
1735,512,0.15976136000244878
1723,1024,0.17607032600790262
1728,512,0.17115100400405936
1765,512,0.12227630699635483
1700,1024,0.20411027400405146
1736,1024,0.1642978210002184
1737,512,0.16311407901230268
1759,1024,0.1311037440027576
1758,1024,0.13283115900412668
1677,1024,0.248786062002182
1776,512,0.11328528299054597
1688,1024,0.2215253270114772
1748,1024,0.15613862199825235
1779,1024,0.11205225400044583
1746,512,0.16081182900234126
1718,1024,0.1955930849944707
1786,1024,0.10592245499719866
1753,512,0.1524416989996098
1666,1024,0.26841130800312385
1762,512,0.14046878599037882
1794,1024,0.09728102400549687
1750,1024,0.16257568199944217
1725,1024,0.19699901901185513
1768,512,0.13973861800332088
1784,512,0.11931773099058773
1764,512,0.14761297299992293
1751,1024,0.16985926699999254
1792,1024,0.10944582299271133
1742,1024,0.1822543809976196
1690,1024,0.23988307900435757
1741,1024,0.18582969899580348
1781,512,0.1292741549987113
1798,1024,0.1045214890036732
1769,512,0.144358090008609
1812,512,0.07248588699440006
1775,1024,0.13988457000232302
1706,1024,0.23177212999144103
1770,1024,0.14630463199864607
1756,512,0.1650668430083897
1795,1024,0.11361068401311059
1731,1024,0.20822094100003596
1767,1024,0.16055007600516547
1811,512,0.08769057999597862
1810,1024,0.09280161499918904
1778,1024,0.15293866299907677
1783,1024,0.14727230300195515
1808,1024,0.10091959699639119
1787,1024,0.143017404989223
1675,1024,0.30110061999585014
1790,1024,0.14103318899287842
1743,512,0.21158176800236106
1806,1024,0.11228473400115035
1732,1024,0.22652228499646299
1771,512,0.17111654300242662
1807,1024,0.11285167199093848
1805,512,0.12028587100212462
1744,1024,0.2171901210094802
1760,512,0.19283713299955707
1834,1024,0.08699554498889484
1830,512,0.09209362299588975
1829,1024,0.09456133100320585
1804,1024,0.1358328829956008
1833,1024,0.09606883300875779
1803,1024,0.1442916329979198
1817,1024,0.11611772600736003
1733,1024,0.24973888900422025
1816,512,0.11958126600075047
1835,1024,0.10149134999664966
1799,512,0.15572265798982698
1837,512,0.10177555399423
1841,1024,0.10085667599923909
1840,512,0.10230241999670397
1814,1024,0.1276143240102101
1827,512,0.1149807210022118
1836,512,0.10600384399003815
1832,512,0.11200020599062555
1854,512,0.09117514001263771
1813,1024,0.1345084929926088
1863,1024,0.08528547000605613
1821,1024,0.12732525200408418
1858,512,0.09174042800441384
1872,1024,0.07484931299404707
1839,1024,0.11329864599974826
1869,512,0.07946870299929287
1822,1024,0.1306294940004591
1870,1024,0.08060101899900474
1845,1024,0.11055819400644396
1886,512,0.07095965500047896
1825,1024,0.13569442500011064
1871,512,0.08932002399524208
1893,512,0.06283372099278495
1868,512,0.09826983101083897
1896,512,0.06325870899308939
1890,512,0.07398492300126236
1850,1024,0.12313922599423677
1876,1024,0.0960159390087938
1796,1024,0.20249021700874437
1897,1024,0.06891247199382633
1823,1024,0.1537589920044411
1826,512,0.15185567899607122
1809,512,0.17795733601087704
1842,512,0.14020240798708983
1855,1024,0.12570491500082426
1861,512,0.12000161100877449
1856,1024,0.12659982600598596
1883,512,0.1028526490117656
1866,512,0.12210484300157987
1881,512,0.10676278399478178
1913,1024,0.05206844401254784
1860,512,0.13243060400418472
1853,512,0.13965986200491898
1889,512,0.09725776300183497
1888,512,0.10007607500301674
1877,1024,0.11673193500610068
1912,512,0.06181623099837452
1862,512,0.13588700401305687
1882,1024,0.1168482729990501
1820,1024,0.18056730799435172
1847,512,0.15581603300233837
1879,1024,0.12185049000254367
1851,1024,0.15316477899614256
1818,512,0.18686897499719635
1900,512,0.09717093298968393
1903,512,0.09333677600079682
1828,1024,0.18212611299532
1924,512,0.06349507599952631
1922,1024,0.06695705799211282
1843,512,0.17117264799890108
1934,512,0.053875263009103946
1848,1024,0.16918839700520039
1880,1024,0.13619165000272915
1864,512,0.15437494800426066
1844,512,0.17533732899755705
1920,512,0.07695354500901885
1873,1024,0.1448522860009689
1838,512,0.1844701759982854
1894,512,0.11790477100294083
1852,1024,0.1724736030009808
1802,1024,0.2374777420045575
1878,1024,0.14495655198697932
1801,512,0.2415067960100714
1831,512,0.1967156609898666
1849,512,0.17990029900101945
1907,1024,0.10255291800422128
1800,512,0.24500462900323328
1904,1024,0.10761041799560189
1875,1024,0.15249367299838923
1874,512,0.15543039300246164
1916,1024,0.0925724260014249
1819,512,0.21417455399932805
1884,1024,0.15159682401281316
1857,1024,0.17950897800619714
1887,1024,0.1469468470022548
1865,1024,0.17556170299940277
1846,1024,0.19618760599405505
1824,512,0.21981548599433154
1898,512,0.13628821600286756
1867,1024,0.18382337200455368
1915,1024,0.11181712099642027
1943,512,0.07535210999776609
1921,512,0.10793355799978599
1927,1024,0.10387861500203144
1940,1024,0.08050561799609568
1885,1024,0.16902317300264258
1905,512,0.13236133501050062
1906,512,0.13207914200029336
1918,1024,0.11569333300576545
1936,1024,0.09166757699858863
1941,1024,0.08380279899574816
1859,512,0.20102695300010964
1930,512,0.1087369180022506
1815,1024,0.2470726419996936
1933,512,0.1041215379955247
1945,1024,0.08573298399278428
1891,512,0.16448494599899277
1925,512,0.11572984099620953
1969,1024,0.05561690600006841
1919,512,0.12289759199484251
1902,512,0.1519481870054733
1954,512,0.07628285599639639
1971,512,0.05494197898951825
1928,512,0.11543900100514293
1957,512,0.07307425700128078
1929,1024,0.1163496110093547
1946,512,0.0881496460060589
1949,512,0.08691353200993035
1908,512,0.13810491100593936
1959,512,0.0730397389997961
1962,1024,0.06956697399436962
1931,1024,0.11588003201177344
1968,1024,0.061729014007141814
1956,512,0.0771345300017856
1939,1024,0.09753453399753198
1901,512,0.15922111200052314
1958,512,0.07712437699956354
1895,1024,0.16809235500113573
1964,512,0.07266146800247952
1917,512,0.13403934499365278
1892,1024,0.17430304699519183
1937,512,0.10765731600986328
1970,1024,0.06574446099693887
1926,1024,0.12653642499935813
1914,512,0.1381801310053561
1935,512,0.11406785500003025
1911,512,0.14370611199410632
1991,512,0.055870823009172454
1953,512,0.09813755200593732
1980,1024,0.0667906009912258
1942,512,0.11387224799545947
1984,512,0.06478313000116032
1974,512,0.07507124300173018
1947,512,0.11019187199417502
1998,512,0.05418283099425025
1994,512,0.0587535399972694
1952,512,0.1040455180045683
1963,512,0.09294420499645639
1910,512,0.16016369999852031
1960,1024,0.09649890799482819
1961,512,0.09619392000604421
2000,1024,0.05284039500111248
1996,512,0.05858505200012587
1975,512,0.07908785200561397
1985,1024,0.07052153699623886
1909,1024,0.16285695499391295
1950,1024,0.11305867199553177
1976,1024,0.07973439499619417
1932,1024,0.14283038800931536
1977,512,0.07916155000566505
1988,1024,0.0690442049963167
1938,1024,0.12815204699290916
1992,1024,0.0684313329984434
1986,512,0.07222937600454316
1944,512,0.12159853999037296
1999,512,0.0587834760081023
1951,512,0.11310175500693731
1966,1024,0.09507722999842372
1993,1024,0.06757665699115023
1972,512,0.08710761800466571
1989,512,0.0707666060043266
1973,1024,0.08619016500597354
1923,512,0.15352292299212422
1955,1024,0.10861785599263385
1978,1024,0.08185304800281301
1948,512,0.11955407199275214
1981,1024,0.07891566900070757
1979,1024,0.0812760730041191
1983,1024,0.07730788600747474
1965,1024,0.09864698399906047
1967,1024,0.09610686000087298
1899,512,0.19232546800049022
1982,1024,0.0792848869896261
1987,512,0.07406104699475691
1995,1024,0.06885797198629007
1997,1024,0.06584932201076299
1990,512,0.07314040900382679
